<?xml version="1.0" encoding="UTF-8"?>
<GenRun Id="impl_1" LaunchPart="xc7k70tfbv676-1" LaunchTime="1613596243">
  <File Type="PA-TCL" Name="f2_tb.tcl"/>
  <File Type="REPORTS-TCL" Name="f2_tb_reports.tcl"/>
  <File Type="BITSTR-MSK" Name="f2_tb.msk"/>
  <File Type="RDI-RDI" Name="f2_tb.vdi"/>
  <File Type="BG-BIT" Name="f2_tb.bit"/>
  <File Type="BG-DRC" Name="f2_tb.drc"/>
  <File Type="BG-BGN" Name="f2_tb.bgn"/>
  <File Type="BG-BIN" Name="f2_tb.bin"/>
  <File Type="BITSTR-RBT" Name="f2_tb.rbt"/>
  <File Type="BITSTR-NKY" Name="f2_tb.nky"/>
  <File Type="BITSTR-BMM" Name="f2_tb_bd.bmm"/>
  <File Type="BITSTR-MMI" Name="f2_tb.mmi"/>
  <File Type="BITSTR-SYSDEF" Name="f2_tb.sysdef"/>
  <File Type="BITSTR-LTX" Name="debug_nets.ltx"/>
  <File Type="BITSTR-LTX" Name="f2_tb.ltx"/>
  <File Type="RCFI_FILE" Name="f2_tb.rcfi"/>
  <File Type="WBT-USG" Name="usage_statistics_webtalk.html"/>
  <File Type="OPT-DRC" Name="f2_tb_drc_opted.rpt"/>
  <File Type="OPT-HWDEF" Name="f2_tb.hwdef"/>
  <File Type="PLACE-PRE-SIMILARITY" Name="f2_tb_incremental_reuse_pre_placed.rpt"/>
  <File Type="ROUTE-DCP" Name="f2_tb_routed.dcp"/>
  <File Type="ROUTE-ERROR-DCP" Name="f2_tb_routed_error.dcp"/>
  <File Type="ROUTE-BLACKBOX-DCP" Name="f2_tb_routed_bb.dcp"/>
  <File Type="ROUTE-TIMING-PB" Name="f2_tb_timing_summary_routed.pb"/>
  <File Type="OPT-DCP" Name="f2_tb_opt.dcp"/>
  <File Type="PLACE-DCP" Name="f2_tb_placed.dcp"/>
  <File Type="PWROPT-DCP" Name="f2_tb_pwropt.dcp"/>
  <File Type="POSTPLACE-PWROPT-DCP" Name="f2_tb_postplace_pwropt.dcp"/>
  <File Type="PHYSOPT-DCP" Name="f2_tb_physopt.dcp"/>
  <File Type="POSTROUTE-PHYSOPT-DCP" Name="f2_tb_postroute_physopt.dcp"/>
  <File Type="POSTROUTE-PHYSOPT-BLACKBOX-DCP" Name="f2_tb_postroute_physopt_bb.dcp"/>
  <File Type="PDI-FILE" Name="f2_tb.pdi"/>
  <File Type="CFI_FILE" Name="f2_tb.cfi"/>
  <File Type="RNPI_FILE" Name="f2_tb.rnpi"/>
  <File Type="NPI_FILE" Name="f2_tb.npi"/>
  <File Type="RBD_FILE" Name="f2_tb.rbd"/>
  <FileSet Name="sources" Type="DesignSrcs" RelSrcDir="$PSRCDIR/sources_1" RelGenDir="$PGENDIR/sources_1">
    <Filter Type="Srcs"/>
    <File Path="$PSRCDIR/sources_1/new/logic_circuit_F2.vhd">
      <FileInfo>
        <Attr Name="UsedIn" Val="synthesis"/>
        <Attr Name="UsedIn" Val="simulation"/>
      </FileInfo>
    </File>
    <File Path="$PSRCDIR/sources_1/new/f2_tb.vhd">
      <FileInfo>
        <Attr Name="UsedIn" Val="synthesis"/>
        <Attr Name="UsedIn" Val="simulation"/>
      </FileInfo>
    </File>
    <File Path="$PSRCDIR/sources_1/bd/design_1/design_1.bd">
      <FileInfo>
        <Attr Name="AutoDisabled" Val="1"/>
        <Attr Name="UsedIn" Val="synthesis"/>
        <Attr Name="UsedIn" Val="implementation"/>
        <Attr Name="UsedIn" Val="simulation"/>
      </FileInfo>
    </File>
    <File Path="$PGENDIR/sources_1/bd/design_1/hdl/design_1_wrapper.vhd">
      <FileInfo>
        <Attr Name="AutoDisabled" Val="1"/>
        <Attr Name="UsedIn" Val="synthesis"/>
        <Attr Name="UsedIn" Val="simulation"/>
      </FileInfo>
    </File>
    <Config>
      <Option Name="DesignMode" Val="RTL"/>
      <Option Name="TopModule" Val="f2_tb"/>
      <Option Name="TopAutoSet" Val="TRUE"/>
    </Config>
  </FileSet>
  <FileSet Name="constrs_in" Type="Constrs" RelSrcDir="$PSRCDIR/constrs_1">
    <Filter Type="Constrs"/>
    <Config>
      <Option Name="ConstrsType" Val="XDC"/>
    </Config>
  </FileSet>
  <FileSet Name="utils" Type="Utils" RelSrcDir="$PSRCDIR/utils_1">
    <Filter Type="Utils"/>
    <Config>
      <Option Name="TopAutoSet" Val="TRUE"/>
    </Config>
  </FileSet>
  <Strategy Version="1" Minor="2">
    <StratHandle Name="Vivado Implementation Defaults" Flow="Vivado Implementation 2020"/>
    <Step Id="init_design"/>
    <Step Id="opt_design"/>
    <Step Id="power_opt_design"/>
    <Step Id="place_design"/>
    <Step Id="post_place_power_opt_design"/>
    <Step Id="phys_opt_design"/>
    <Step Id="route_design"/>
    <Step Id="post_route_phys_opt_design"/>
    <Step Id="write_bitstream"/>
    <Step Id="write_device_image"/>
  </Strategy>
</GenRun>
